{"name":"41adb024-c6b1-454e-aca5-8c5856cdeff8","id":"/providers/Microsoft.Flow/flows/41adb024-c6b1-454e-aca5-8c5856cdeff8","type":"Microsoft.Flow/flows","properties":{"apiId":"/providers/Microsoft.PowerApps/apis/shared_logicflows","displayName":"Copy of - SharePoint Site Provisioning1","definition":{"metadata":{"workflowEntityId":null,"processAdvisorMetadata":null,"flowChargedByPaygo":null,"flowclientsuspensionreason":"None","flowclientsuspensiontime":null,"flowclientsuspensionreasondetails":null,"creator":{"id":"e4b2e614-bda3-4f1d-aa27-0ac2b5faa01a","type":"User","tenantId":"e02913d9-5531-438f-94ac-39583d1adef5"},"provisioningMethod":"FromDefinition","failureAlertSubscription":true,"clientLastModifiedTime":"2025-04-08T09:56:52.3194684Z","connectionKeySavedTimeKey":"2025-04-08T09:56:52.3194684Z","creationSource":null},"$schema":"https://schema.management.azure.com/providers/Microsoft.Logic/schemas/2016-06-01/workflowdefinition.json#","contentVersion":"1.0.0.0","parameters":{"$connections":{"defaultValue":{},"type":"Object"},"$authentication":{"defaultValue":{},"type":"SecureObject"}},"triggers":{"manual":{"metadata":{"operationMetadataId":"c4cdb9af-4dbc-4eab-b240-c2f7fb826ce5"},"type":"Request","kind":"Button","inputs":{"schema":{"type":"object","properties":{},"required":[]}}}},"actions":{"Create_Column_in_Current_SharePoint_List":{"actions":{"Condition_to_check_if_NewsArticleType_exists_in_SharePoint_site":{"actions":{},"runAfter":{"Compose":["Succeeded"]},"else":{"actions":{"Create_NewsArticleType_Column_in_Site_Pages_Library":{"runAfter":{},"metadata":{"operationMetadataId":"691d10de-e4d2-4ed4-b102-83efb06160a9"},"type":"OpenApiConnection","inputs":{"host":{"apiId":"/providers/Microsoft.PowerApps/apis/shared_sharepointonline","connectionName":"shared_sharepointonline","operationId":"HttpRequest"},"parameters":{"dataset":"@variables('webURL')","parameters/method":"POST","parameters/uri":"/_api/web/lists/getbytitle('Site%20Pages')/fields","parameters/headers":{"Accept":"application/json;odata=verbose","Content-Type":"application/json;odata=verbose"},"parameters/body":"{\"__metadata\":{\"type\":\"SP.FieldChoice\"}, \"FieldTypeKind\": 6,\"Title\": \"NewsArticleType\",\"InternalName\": \"NewsArticleType\",\"Choices\": {\"results\": [\"Awaiting G8\",\"Awaiting ISSO\",\"Completed\",\"Email sent Awaiting SMO\",\"Request has been Rejected\",\"Awaiting COR\"]},\"DefaultValue\": \"\",\"Hidden\":false}\n"},"authentication":"@parameters('$authentication')"}}}},"expression":{"equals":["@contains(string(body('Parse_JSON_2')?['d']?['results']), 'NewsArticleType')",true]},"metadata":{"operationMetadataId":"6f1764f4-efae-4fe5-8fa3-92ef5ee1f38c"},"type":"If"},"Compose":{"runAfter":{"Parse_JSON_2":["Succeeded"]},"metadata":{"operationMetadataId":"f3526f6f-3e4f-4f3a-a4f8-b3f67a47eb5d"},"type":"Compose","inputs":"@contains(string(body('Parse_JSON_2')?['d']?['results']), 'NewsArticleType')"},"Parse_JSON_2":{"runAfter":{"Get_all_fields_in_Current_Site":["Succeeded"]},"metadata":{"operationMetadataId":"45c1a4ec-114f-40ca-808d-9611d170c1e6"},"type":"ParseJson","inputs":{"content":"@body('Get_all_fields_in_Current_Site')","schema":{"type":"object","properties":{"statusCode":{"type":"integer"},"headers":{"type":"object","properties":{"Cache-Control":{"type":"string"},"Transfer-Encoding":{"type":"string"},"Vary":{"type":"string"},"Set-Cookie":{"type":"string"},"Strict-Transport-Security":{"type":"string"},"X-NetworkStatistics":{"type":"string"},"X-SharePointHealthScore":{"type":"string"},"X-SP-SERVERSTATE":{"type":"string"},"DATASERVICEVERSION":{"type":"string"},"SPClientServiceRequestDuration":{"type":"string"},"IsOCDI":{"type":"string"},"X-DataBoundary":{"type":"string"},"X-1DSCollectorUrl":{"type":"string"},"X-AriaCollectorURL":{"type":"string"},"SPRequestGuid":{"type":"string"},"Request-Id":{"type":"string"},"MS-CV":{"type":"string"},"X-Frame-Options":{"type":"string"},"Content-Security-Policy":{"type":"string"},"MicrosoftSharePointTeamServices":{"type":"string"},"X-Content-Type-Options":{"type":"string"},"X-MS-InvokeApp":{"type":"string"},"P3P":{"type":"string"},"X-AspNet-Version":{"type":"string"},"X-Powered-By":{"type":"string"},"x-ms-request-id":{"type":"string"},"x-ms-environment-id":{"type":"string"},"x-ms-tenant-id":{"type":"string"},"x-ms-dlp-re":{"type":"string"},"x-ms-dlp-gu":{"type":"string"},"x-ms-dlp-ef":{"type":"string"},"Timing-Allow-Origin":{"type":"string"},"x-ms-apihub-cached-response":{"type":"string"},"x-ms-apihub-obo":{"type":"string"},"Date":{"type":"string"},"Content-Type":{"type":"string"},"Expires":{"type":"string"},"Last-Modified":{"type":"string"},"Content-Length":{"type":"string"}}},"body":{"type":"object","properties":{"d":{"type":"object","properties":{"results":{"type":"array","items":{"type":"object","properties":{"__metadata":{"type":"object","properties":{"id":{"type":"string"},"uri":{"type":"string"},"type":{"type":"string"}}},"DescriptionResource":{"type":"object","properties":{"__deferred":{"type":"object","properties":{"uri":{"type":"string"}}}}},"TitleResource":{"type":"object","properties":{"__deferred":{"type":"object","properties":{"uri":{"type":"string"}}}}},"AutofillInfo":{},"AutoIndexed":{"type":"boolean"},"CanBeDeleted":{"type":"boolean"},"ClientSideComponentId":{"type":"string"},"ClientSideComponentProperties":{},"ClientValidationFormula":{},"ClientValidationMessage":{},"CustomFormatter":{},"DefaultFormula":{},"DefaultValue":{},"Description":{"type":"string"},"Direction":{"type":"string"},"EnforceUniqueValues":{"type":"boolean"},"EntityPropertyName":{"type":"string"},"Filterable":{"type":"boolean"},"FromBaseType":{"type":"boolean"},"Group":{"type":"string"},"Hidden":{"type":"boolean"},"Id":{"type":"string"},"Indexed":{"type":"boolean"},"IndexStatus":{"type":"integer"},"InternalName":{"type":"string"},"IsModern":{"type":"boolean"},"JSLink":{},"PinnedToFiltersPane":{"type":"boolean"},"ReadOnlyField":{"type":"boolean"},"Required":{"type":"boolean"},"SchemaXml":{"type":"string"},"Scope":{"type":"string"},"Sealed":{"type":"boolean"},"ShowInFiltersPane":{"type":"integer"},"Sortable":{"type":"boolean"},"StaticName":{"type":"string"},"Title":{"type":"string"},"FieldTypeKind":{"type":"integer"},"TypeAsString":{"type":"string"},"TypeDisplayName":{"type":"string"},"TypeShortDescription":{"type":"string"},"ValidationFormula":{},"ValidationMessage":{},"AllowHyperlink":{"type":"boolean"},"AppendOnly":{"type":"boolean"},"IsLongHyperlink":{"type":"boolean"},"NumberOfLines":{"type":"integer"},"RestrictedMode":{"type":"boolean"},"RichText":{"type":"boolean"},"UnlimitedLengthInDocumentLibrary":{"type":"boolean"},"WikiLinking":{"type":"boolean"},"MaxLength":{"type":"integer"},"DisplayFormat":{"type":"integer"},"CommaSeparator":{"type":"boolean"},"CustomUnitName":{},"CustomUnitOnRight":{"type":"boolean"},"MaximumValue":{"type":"integer"},"MinimumValue":{"type":"integer"},"ShowAsPercentage":{"type":"boolean"},"Unit":{},"DateTimeCalendarType":{"type":"integer"},"DateFormat":{},"FriendlyDisplayFormat":{"type":"integer"},"TimeFormat":{},"AllowMultipleValues":{"type":"boolean"},"DependentLookupInternalNames":{"type":"object","properties":{"__metadata":{"type":"object","properties":{"type":{"type":"string"}}},"results":{"type":"array"}}},"IsDependentLookup":{"type":"boolean"},"IsRelationship":{"type":"boolean"},"LookupField":{"type":"string"},"LookupList":{"type":"string"},"LookupWebId":{"type":"string"},"PrimaryFieldId":{},"RelationshipDeleteBehavior":{"type":"integer"},"AllowDisplay":{"type":"boolean"},"Presence":{"type":"boolean"},"SelectionGroup":{"type":"integer"},"SelectionMode":{"type":"integer"},"UserDisplayOptions":{},"FillInChoice":{"type":"boolean"},"Mappings":{},"Choices":{"type":"object","properties":{"__metadata":{"type":"object","properties":{"type":{"type":"string"}}},"results":{"type":"array","items":{"type":"string"}}}},"EnableLookup":{"type":"boolean"},"EditFormat":{"type":"integer"}},"required":["__metadata","DescriptionResource","TitleResource","AutofillInfo","AutoIndexed","CanBeDeleted","ClientSideComponentId","ClientSideComponentProperties","ClientValidationFormula","ClientValidationMessage","CustomFormatter","DefaultFormula","DefaultValue","Description","Direction","EnforceUniqueValues","EntityPropertyName","Filterable","FromBaseType","Group","Hidden","Id","Indexed","IndexStatus","InternalName","IsModern","JSLink","PinnedToFiltersPane","ReadOnlyField","Required","SchemaXml","Scope","Sealed","ShowInFiltersPane","Sortable","StaticName","Title","FieldTypeKind","TypeAsString","TypeDisplayName","TypeShortDescription","ValidationFormula","ValidationMessage"]}}}}}}}}}},"Get_all_fields_in_Current_Site":{"runAfter":{},"metadata":{"operationMetadataId":"dccbca4a-b75a-4431-a487-5c04b580e86c"},"type":"OpenApiConnection","inputs":{"host":{"apiId":"/providers/Microsoft.PowerApps/apis/shared_sharepointonline","connectionName":"shared_sharepointonline","operationId":"HttpRequest"},"parameters":{"dataset":"@variables('webURL')","parameters/method":"GET","parameters/uri":"/_api/web/lists/getbytitle('Site%20Pages')/fields","parameters/headers":{"Accept":"application/json;odata=verbose","Content-Type":"application/json;odata=verbose"}},"authentication":"@parameters('$authentication')"}}},"runAfter":{"Initialize_variable":["Succeeded"]},"metadata":{"operationMetadataId":"ee82f8c3-b4dc-4bec-acf4-274756929e8b"},"type":"Scope"},"Copy_Templates_to_New_Site":{"actions":{"Create_new_folder":{"runAfter":{},"metadata":{"operationMetadataId":"33cfc139-b9ae-4164-805d-87691f57e875"},"type":"OpenApiConnection","inputs":{"host":{"apiId":"/providers/Microsoft.PowerApps/apis/shared_sharepointonline","connectionName":"shared_sharepointonline","operationId":"CreateNewFolder"},"parameters":{"dataset":"@variables('webURL')","table":"Site Pages","parameters/path":"/Templates"},"authentication":"@parameters('$authentication')"}},"Get_files_(properties_only)":{"runAfter":{"Create_new_folder":["Succeeded"]},"metadata":{"operationMetadataId":"95319ac6-53a5-411d-8f96-8d40e2b5da39"},"type":"OpenApiConnection","inputs":{"host":{"apiId":"/providers/Microsoft.PowerApps/apis/shared_sharepointonline","connectionName":"shared_sharepointonline","operationId":"GetFileItems"},"parameters":{"dataset":"https://rbeerla.sharepoint.com/sites/Department","table":"Site Pages","folderPath":"/SitePages/Templates"},"authentication":"@parameters('$authentication')"}},"Apply_to_each":{"foreach":"@outputs('Get_files_(properties_only)')?['body/value']","actions":{"Copy_file":{"runAfter":{},"metadata":{"operationMetadataId":"896d210d-fdb2-44e7-8571-b6b804eb96a4"},"type":"OpenApiConnection","inputs":{"host":{"apiId":"/providers/Microsoft.PowerApps/apis/shared_sharepointonline","connectionName":"shared_sharepointonline","operationId":"CopyFileAsync"},"parameters":{"dataset":"https://rbeerla.sharepoint.com/sites/Department","parameters/sourceFileId":"@items('Apply_to_each')?['{Identifier}']","parameters/destinationDataset":"@variables('webURL')","parameters/destinationFolderPath":"/SitePages/Templates","parameters/nameConflictBehavior":1},"authentication":"@parameters('$authentication')"}},"Condition":{"actions":{"Send_an_HTTP_request_to_SharePoint":{"runAfter":{},"metadata":{"operationMetadataId":"de2d51c1-6405-4cae-a5f1-c0f9ce5e30a4"},"type":"OpenApiConnection","inputs":{"host":{"apiId":"/providers/Microsoft.PowerApps/apis/shared_sharepointonline","connectionName":"shared_sharepointonline","operationId":"HttpRequest"},"parameters":{"dataset":"@variables('webURL')","parameters/method":"POST","parameters/uri":"/_api/sitepages/pages(@{outputs('Copy_file')?['body/ItemId']})/SavePageAsTemplate","parameters/headers":{"Accept":"application/json;odata=verbose","Content-Type":"application/json;odata=verbose"}},"authentication":"@parameters('$authentication')"}},"Set_variable":{"runAfter":{"Send_an_HTTP_request_to_SharePoint":["Succeeded"]},"metadata":{"operationMetadataId":"8b4f6c56-8283-42e7-a2b9-35f649257bae"},"type":"SetVariable","inputs":{"name":"HasRun","value":true}},"Get_item":{"runAfter":{"Set_variable":["Succeeded"]},"metadata":{"operationMetadataId":"e3aa4836-2457-4101-a44b-9312ab345f59"},"type":"OpenApiConnection","inputs":{"host":{"apiId":"/providers/Microsoft.PowerApps/apis/shared_sharepointonline","connectionName":"shared_sharepointonline","operationId":"GetItem"},"parameters":{"dataset":"@variables('webURL')","table":"Site Pages","id":"@outputs('Send_an_HTTP_request_to_SharePoint')?['body']['d']['Id']"},"authentication":"@parameters('$authentication')"}},"Delete_item":{"runAfter":{"Get_item":["Succeeded"]},"metadata":{"operationMetadataId":"85f38635-44ca-4743-909c-4486fce79e1c"},"type":"OpenApiConnection","inputs":{"host":{"apiId":"/providers/Microsoft.PowerApps/apis/shared_sharepointonline","connectionName":"shared_sharepointonline","operationId":"DeleteItem"},"parameters":{"dataset":"@variables('webURL')","table":"Site Pages","id":"@outputs('Send_an_HTTP_request_to_SharePoint')?['body']['d']['Id']"},"authentication":"@parameters('$authentication')"}}},"runAfter":{"Copy_file":["Succeeded"]},"expression":{"equals":["@variables('HasRun')",false]},"metadata":{"operationMetadataId":"43e80d70-f8be-43c5-85e7-82c2140c7370"},"type":"If"}},"runAfter":{"Get_files_(properties_only)":["Succeeded"]},"metadata":{"operationMetadataId":"7a4aeb44-3e55-49d2-8510-d8eed8b511ea"},"type":"Foreach"}},"runAfter":{"Create_Column_in_Current_SharePoint_List":["Succeeded"]},"metadata":{"operationMetadataId":"84bfdf0c-4fe4-44d1-858f-c4d8422bdda9"},"type":"Scope"},"Initialize_variable":{"runAfter":{"Initialize_variable_2":["Succeeded"]},"metadata":{"operationMetadataId":"608dc21a-a1ed-4c2f-9bff-bb0fed89fab8"},"type":"InitializeVariable","inputs":{"variables":[{"name":"HasRun","type":"boolean","value":false}]}},"Initialize_variable_2":{"runAfter":{},"metadata":{"operationMetadataId":"83d15613-5865-4501-b13d-c60275e7e1f8"},"type":"InitializeVariable","inputs":{"variables":[{"name":"webURL","type":"string","value":"https://rbeerla.sharepoint.com/sites/test5"}]}}},"outputs":{}},"connectionReferences":{"shared_sharepointonline":{"connectionName":"bfbb860f230649f0b75b53b0cb806245","source":"Embedded","id":"/providers/Microsoft.PowerApps/apis/shared_sharepointonline","tier":"NotSpecified","apiName":"sharepointonline"}},"flowFailureAlertSubscribed":false,"isManaged":false}}